,Compound,Date,Negative,Neutral,Positive,Source,Tweet,Tweets Ago
0,0.0,Wed Apr 18 04:13:55 +0000 2018,1.0,0.0,0.0,@McDonalds,@itsjuztin The UberEATS website &amp; app will confirm if your address is eligible for delivery.,1
1,0.0,Wed Apr 18 04:04:52 +0000 2018,1.0,0.0,0.0,@McDonalds,"@Arielle140 Hey, Arielle! The UberEATS website &amp; app will confirm if your address is eligible for delivery. üòç",2
2,0.8502,Wed Apr 18 04:03:25 +0000 2018,0.618,0.0,0.382,@McDonalds,"@The_Brodiie Sounds good to us, Adam! We are always craving the opportunity to see more of you. :)",3
3,0.0,Wed Apr 18 03:39:58 +0000 2018,1.0,0.0,0.0,@McDonalds,@miriam_margaret The UberEATS website &amp; app will confirm if your address is eligible for delivery.,4
4,0.0,Wed Apr 18 03:12:30 +0000 2018,1.0,0.0,0.0,@McDonalds,"@lynnskyi We'll have some waiting for you, Lynn! üòç",5
5,0.8122,Wed Apr 18 03:04:51 +0000 2018,0.351,0.0,0.649,@McDonalds,"@strangecase Hey, thanks for the love!",6
6,0.0,Wed Apr 18 02:41:55 +0000 2018,1.0,0.0,0.0,@McDonalds,@KeyannaMartin1 You are making us hungry‚Ä¶,7
7,0.0,Wed Apr 18 02:36:29 +0000 2018,1.0,0.0,0.0,@McDonalds,@Malachi_Luster The UberEATS website &amp; app will confirm if your address is eligible for delivery.,8
8,0.9097,Wed Apr 18 02:22:26 +0000 2018,0.359,0.0,0.641,@McDonalds,"@DelaneyShay1 That‚Äôs cool, Delaney! Sounds like you have great taste! :)",9
9,0.8122,Wed Apr 18 02:01:00 +0000 2018,0.403,0.0,0.597,@McDonalds,"@TaylorSartori14 Hey Noah, thanks for the love!",10
10,0.508,Wed Apr 18 00:13:51 +0000 2018,0.646,0.0,0.354,@McDonalds,"@kimberellaaa_ Treat yourself, Kim! You've earned it!",11
11,0.8502,Tue Apr 17 23:55:00 +0000 2018,0.602,0.0,0.398,@McDonalds,@NUlTBLANC Sounds good to us! We are always craving the opportunity to see more of you. :),12
12,0.7777,Tue Apr 17 23:27:29 +0000 2018,0.435,0.0,0.565,@McDonalds,"@moonkriscent Sounds like you‚Äôre livin‚Äô the dream, Kris! :)",13
13,0.7579,Tue Apr 17 23:20:00 +0000 2018,0.4,0.0,0.6,@McDonalds,@julezsntna Sounds like you‚Äôre livin‚Äô the dream. :),14
14,0.9097,Tue Apr 17 23:07:00 +0000 2018,0.359,0.0,0.641,@McDonalds,"@makadeIic That‚Äôs cool, Mak! Sounds like you have great taste! :)",15
15,0.7579,Tue Apr 17 23:00:27 +0000 2018,0.444,0.0,0.556,@McDonalds,"@Melrubalcaba00 Sounds like you‚Äôre livin‚Äô the dream, Melissa. :)",16
16,0.7639,Tue Apr 17 22:42:24 +0000 2018,0.45,0.118,0.432,@McDonalds,@princessgingi Awesome! Bet you're making some people green with envy! :),17
17,-0.2129,Tue Apr 17 22:40:26 +0000 2018,0.475,0.288,0.237,@McDonalds,"@sara_witte123 Because you deserve nothing but the best, Sara! :)",18
18,0.8502,Tue Apr 17 22:39:29 +0000 2018,0.618,0.0,0.382,@McDonalds,"@lovelydisastern Sounds good to us, Madalynn! We are always craving the opportunity to see more of you. :)",19
19,0.6239,Tue Apr 17 22:31:00 +0000 2018,0.719,0.0,0.281,@McDonalds,"@stileskjd That‚Äôs cool! It‚Äôs like that old saying ‚ÄúThe stomach wants what the stomach wants.""",20
20,0.807,Tue Apr 17 22:25:24 +0000 2018,0.523,0.0,0.477,@McDonalds,"@sarahlloydd23 That's great to hear, Sarah! Thanks for the feedback.",21
21,0.7579,Tue Apr 17 22:23:50 +0000 2018,0.444,0.0,0.556,@McDonalds,"@michellehatchxo Sounds like you‚Äôre livin‚Äô the dream, Michelle. :)",22
22,0.9097,Tue Apr 17 22:19:27 +0000 2018,0.325,0.0,0.675,@McDonalds,@mermaidere That‚Äôs cool! Sounds like you have great taste! :),23
23,0.8122,Tue Apr 17 22:10:50 +0000 2018,0.549,0.0,0.451,@McDonalds,"@ElliotTanner0 Eli, thanks for the love! We‚Äôll see you soon then.",24
24,0.0,Tue Apr 17 22:05:50 +0000 2018,1.0,0.0,0.0,@McDonalds,@nataliakasner The UberEATS website &amp; app will confirm if your address is eligible for delivery.,25
25,0.9097,Tue Apr 17 22:02:30 +0000 2018,0.325,0.0,0.675,@McDonalds,@Kerrigan613 That‚Äôs cool! Sounds like you have great taste! :),26
26,0.4588,Tue Apr 17 21:57:29 +0000 2018,0.87,0.0,0.13,@McDonalds,"@ArtMorelli It‚Äôs all about options. Drive thru, counter or kiosk, we‚Äôre working to offer multiple ways to order your favorite items.",27
27,0.0,Tue Apr 17 21:54:48 +0000 2018,1.0,0.0,0.0,@McDonalds,@AnonRudderRump These boots will keep on dippin'. Dippin's what they do. üé∂,28
28,0.8502,Tue Apr 17 21:53:31 +0000 2018,0.602,0.0,0.398,@McDonalds,@Dragon_uzumaki Sounds good to us! We are always craving the opportunity to see more of you. :),29
29,0.8478,Tue Apr 17 21:49:52 +0000 2018,0.495,0.0,0.505,@McDonalds,@lelechristina_ Glad you‚Äôre feelin‚Äô the burn! Thanks for fanning the flames. :),30
30,0.8011,Tue Apr 17 21:42:40 +0000 2018,0.527,0.0,0.473,@McDonalds,"@_Amy92x Thanks, Amy! Coke + us is just the perfect match!",31
31,0.784,Tue Apr 17 21:41:24 +0000 2018,0.592,0.0,0.408,@McDonalds,"@alexxscotttt Alex, it sounds like you have great taste! See you soon? üòä",32
32,0.8264,Tue Apr 17 21:36:55 +0000 2018,0.477,0.0,0.523,@McDonalds,@LMCreepss Thanks for the love! üòç See you again soon!,33
33,0.5093,Tue Apr 17 21:35:45 +0000 2018,0.732,0.0,0.268,@McDonalds,"@lydiabranchh Aw, Lydia! Remember tomorrow is just a day away. :)",34
34,0.5562,Tue Apr 17 21:33:07 +0000 2018,0.821,0.0,0.179,@McDonalds,"@DamianBlossom_ Menu items vary by restaurant and/or franchisee, Damian. Let your favorite store know you want the Hot &amp; Spicy on the menu!",35
35,0.0,Tue Apr 17 21:32:31 +0000 2018,1.0,0.0,0.0,@McDonalds,@JourneeMuvaaa You are making us hungry‚Ä¶üòä,36
36,0.0,Tue Apr 17 21:30:44 +0000 2018,1.0,0.0,0.0,@McDonalds,"@sianai_lee We'll have one waiting for you, Sianai! üòç",37
37,0.508,Tue Apr 17 21:26:00 +0000 2018,0.646,0.0,0.354,@McDonalds,"@sailorlisas Treat yourself, Alaisia! You've earned it! üòç",38
38,0.0,Tue Apr 17 21:25:54 +0000 2018,1.0,0.0,0.0,@McDonalds,"@shellygomezlcsw Breakfast game on point, Shelly.",39
39,0.6588,Tue Apr 17 21:24:25 +0000 2018,0.577,0.0,0.423,@McDonalds,"@honeybee919 Great plan, Edna! See you soon üòä",40
40,-0.3129,Tue Apr 17 21:24:00 +0000 2018,0.613,0.237,0.15,@McDonalds,@LinkofHyrule89 Alert! We have a McD‚Äôs emergency! Someone get Matthew a McGriddles stat!,41
41,0.85,Tue Apr 17 21:22:57 +0000 2018,0.52,0.0,0.48,@McDonalds,"@lexi_collins27 Sounds good to us, Lexi! We think you'll really like it :)",42
42,0.0,Tue Apr 17 21:22:00 +0000 2018,1.0,0.0,0.0,@McDonalds,"@_katieml Katie, individual restaurants determine menu prices which may vary based on a variety of local or nationa‚Ä¶ https://t.co/UTcWiNifYh",43
43,0.0,Tue Apr 17 21:21:55 +0000 2018,1.0,0.0,0.0,@McDonalds,"@FeliciaSH8780 We can't wait for you to try it, Felicia! See you soon!",44
44,0.0,Tue Apr 17 21:21:26 +0000 2018,1.0,0.0,0.0,@McDonalds,@niveanikki You are making us hungry‚Ä¶,45
45,0.8165,Tue Apr 17 21:20:22 +0000 2018,0.517,0.0,0.483,@McDonalds,"@inlandgirl16 That's awesome, Chrystal! We think you'll really like it!",46
46,0.4738,Tue Apr 17 21:18:00 +0000 2018,0.764,0.0,0.236,@McDonalds,"@kkaren0512 We like the sound of that, Karen! See you soon!",47
47,0.8883,Tue Apr 17 21:16:40 +0000 2018,0.433,0.0,0.567,@McDonalds,"@s8175250702 That's a great idea, Sarah! Cheers to the spring season :)",48
48,0.8652,Tue Apr 17 21:13:39 +0000 2018,0.482,0.0,0.518,@McDonalds,"@TiffanyTroiano Sounds like a great plan, Tiffany! We think you'll really like it!",49
49,0.4926,Tue Apr 17 21:13:23 +0000 2018,0.834,0.0,0.166,@McDonalds,@A_Richyy We're diggin‚Äô your enthusiasm for our McGriddles. Swing by for your faves anytime the craving hits! üòç,50
50,0.8955,Tue Apr 17 21:11:07 +0000 2018,0.357,0.0,0.643,@McDonalds,"@tracey_rangel Great, Tracey! It's the perfect treat for springtime.",51
51,0.8264,Tue Apr 17 21:09:30 +0000 2018,0.539,0.0,0.461,@McDonalds,"@Stacey_Dawn91 Sounds good to us, Stacey! We always love seeing you!",52
52,0.815,Tue Apr 17 21:07:28 +0000 2018,0.518,0.0,0.482,@McDonalds,"@Stefclayton069 That's great, Stephanie! We really think you'll like it!",53
53,0.8122,Tue Apr 17 21:07:00 +0000 2018,0.351,0.0,0.649,@McDonalds,"@the_fevre Hey, thanks for the love!",54
54,0.936,Tue Apr 17 21:05:53 +0000 2018,0.386,0.0,0.614,@McDonalds,@imthatSeni We're so glad you like it so much! Thanks for the love ‚ù§,55
55,-0.2129,Tue Apr 17 21:03:44 +0000 2018,0.475,0.288,0.237,@McDonalds,"@yachairugh Because you deserve nothing but the best, Lauren! :)",56
56,0.717,Tue Apr 17 21:01:42 +0000 2018,0.685,0.0,0.315,@McDonalds,"@shannongtabora We can't wait for you to try it, Shannon! We hope you like it!",57
57,0.6588,Tue Apr 17 20:59:29 +0000 2018,0.672,0.0,0.328,@McDonalds,"@KellyChoularto3 That's awesome, Kelly! We look forward to seeing you. üòä",58
58,0.6588,Tue Apr 17 20:57:12 +0000 2018,0.672,0.0,0.328,@McDonalds,"@Ang430 That's great, Angie! We look forward to seeing you.",59
59,0.7777,Tue Apr 17 20:57:00 +0000 2018,0.391,0.0,0.609,@McDonalds,@bremosier Sounds like you‚Äôre livin‚Äô the dream! :),60
60,0.8122,Tue Apr 17 20:55:00 +0000 2018,0.448,0.0,0.552,@McDonalds,"@brLeaHkaway Great, Leah! We'll see you soon :)",61
61,0.8502,Tue Apr 17 20:52:51 +0000 2018,0.602,0.0,0.398,@McDonalds,"@beck_ayy Sounds good to us, Becky! We're always craving the opportunity to see more of you. :)",62
62,0.8122,Tue Apr 17 20:47:03 +0000 2018,0.52,0.0,0.48,@McDonalds,"@muggle76 That's awesome, Patricia! Can't wait to see you :)",63
63,-0.3129,Tue Apr 17 20:46:49 +0000 2018,0.613,0.237,0.15,@McDonalds,@lyndee_9720 Alert! We have a McD‚Äôs emergency! Someone get Lyndsey a McChicken stat!,64
64,0.8502,Tue Apr 17 20:41:24 +0000 2018,0.602,0.0,0.398,@McDonalds,@Xliyaahh_ Sounds good to us! We are always craving the opportunity to see more of you. :),65
65,0.7345,Tue Apr 17 20:35:33 +0000 2018,0.64,0.0,0.36,@McDonalds,"@Juanita062815 Sounds good to us, Juanita! We look forward to seeing you :)",66
66,-0.3129,Tue Apr 17 20:35:24 +0000 2018,0.696,0.186,0.118,@McDonalds,@hollygibson7 Alert! We have a McD‚Äôs emergency! Someone get Holly an Egg and Cheese McMuffin stat!,67
67,0.6239,Tue Apr 17 20:32:34 +0000 2018,0.719,0.0,0.281,@McDonalds,"@kkmoses11 That‚Äôs cool! It‚Äôs like that old saying ‚ÄúThe stomach wants what the stomach wants.""",68
68,0.8011,Tue Apr 17 20:26:29 +0000 2018,0.494,0.0,0.506,@McDonalds,@DaddyPattyProbs Thanks! Coke + us is just the perfect match!,69
69,0.0,Tue Apr 17 20:23:43 +0000 2018,1.0,0.0,0.0,@McDonalds,"@BadgerMama2005 Can‚Äôt wait for you to try it, Kristin! Swing by your local McD‚Äôs and let us know what you think.",70
70,0.5399,Tue Apr 17 20:20:23 +0000 2018,0.759,0.0,0.241,@McDonalds,"@rp_valerio Sounds good to us, Sheri! We can't wait to see you!",71
71,0.9097,Tue Apr 17 20:20:00 +0000 2018,0.359,0.0,0.641,@McDonalds,"@AWhite_99 That‚Äôs cool, Adam! Sounds like you have great taste! :)",72
72,0.7777,Tue Apr 17 20:10:25 +0000 2018,0.435,0.0,0.565,@McDonalds,"@_lesleyallan Sounds like you‚Äôre livin‚Äô the dream, Lesley! :)",73
73,0.508,Tue Apr 17 20:08:27 +0000 2018,0.604,0.0,0.396,@McDonalds,@crboyz Treat yourself! You've earned it!,74
74,0.6892,Tue Apr 17 20:07:22 +0000 2018,0.701,0.0,0.299,@McDonalds,"@WVSTATEU_NCAA That's great, Sean! We can't wait for you to try it!",75
75,0.4926,Tue Apr 17 20:05:53 +0000 2018,0.715,0.0,0.285,@McDonalds,"@Britheone Sounds good to us, Bri! See you soon.",76
76,0.8268,Tue Apr 17 20:05:00 +0000 2018,0.686,0.0,0.314,@McDonalds,"@mckenziefaith99 We like to evolve our menu, so we change it up from time to time. Hope you find a new favorite, Mckenzie!",77
77,0.4588,Tue Apr 17 20:02:48 +0000 2018,0.727,0.0,0.273,@McDonalds,"@taytummurdock19 Aw, remember tomorrow is just a day away. :)",78
78,0.6785,Tue Apr 17 19:59:27 +0000 2018,0.617,0.0,0.383,@McDonalds,"@ashadams617 Yeah you do, Ashley! We think you'll really like it!",79
79,0.7901,Tue Apr 17 19:54:20 +0000 2018,0.534,0.0,0.466,@McDonalds,"@heyitsautumn2 Sounds like the best plan, Autumn! See you soon üòä",80
80,0.0,Tue Apr 17 19:51:47 +0000 2018,1.0,0.0,0.0,@McDonalds,"@madisonlin44 Aw, shucks, Madison; you're making us blush!",81
81,0.6696,Tue Apr 17 19:42:27 +0000 2018,0.527,0.0,0.473,@McDonalds,"@iamplava Aw, you're the best ever!",82
82,0.0,Tue Apr 17 19:41:54 +0000 2018,1.0,0.0,0.0,@McDonalds,@lialunes The UberEATS website &amp; app will confirm if your address is eligible for delivery.,83
83,0.8622,Tue Apr 17 19:40:04 +0000 2018,0.449,0.0,0.551,@McDonalds,"@ryan_lien That's great, Ryan! We always love seeing you üòç",84
84,0.0,Tue Apr 17 19:38:46 +0000 2018,1.0,0.0,0.0,@McDonalds,@00YSHS The UberEATS website &amp; app will confirm if your address is eligible for delivery.,85
85,0.7389,Tue Apr 17 19:32:12 +0000 2018,0.638,0.0,0.362,@McDonalds,"@Budget_Beauty8 That sounds good to us, Brittney! We really think you'll like it!",86
86,0.0,Tue Apr 17 19:26:25 +0000 2018,1.0,0.0,0.0,@McDonalds,"@kelly_hetrick We'll see you soon, Kelly!",87
87,0.8011,Tue Apr 17 19:21:11 +0000 2018,0.582,0.0,0.418,@McDonalds,"@shawnajbutler It sounds like you have great taste, Shawna! See you soon!",88
88,0.6696,Tue Apr 17 19:20:00 +0000 2018,0.527,0.0,0.473,@McDonalds,"@gengen1121 Aw, you're the best ever!",89
89,0.68,Tue Apr 17 19:19:00 +0000 2018,0.339,0.136,0.525,@McDonalds,"@cmklos Thanks for stopping by, Christene! :)",90
90,-0.3129,Tue Apr 17 19:16:23 +0000 2018,0.613,0.237,0.15,@McDonalds,@lifefortoday28 Alert! We have a McD‚Äôs emergency! Someone get Liliana a McChicken stat!,91
91,0.7412,Tue Apr 17 19:13:49 +0000 2018,0.614,0.0,0.386,@McDonalds,"@kislandamy Sounds good to us, Amy! We think you'll really like it!",92
92,0.3612,Tue Apr 17 19:13:12 +0000 2018,0.828,0.0,0.172,@McDonalds,"@itszoyyy It‚Äôs like that old saying ‚ÄúThe stomach wants what the stomach wants.""",93
93,0.9097,Tue Apr 17 19:12:24 +0000 2018,0.359,0.0,0.641,@McDonalds,"@JulisaGraceG That‚Äôs cool, Julisa! Sounds like you have great taste! :)",94
94,0.8122,Tue Apr 17 19:10:44 +0000 2018,0.549,0.0,0.451,@McDonalds,"@rccc41413 Awesome plan, Christina! We can't wait to see you :)",95
95,0.9097,Tue Apr 17 19:02:28 +0000 2018,0.325,0.0,0.675,@McDonalds,@_SkinnyTHUGGING That‚Äôs cool! Sounds like you have great taste! :),96
96,0.6892,Tue Apr 17 19:02:22 +0000 2018,0.681,0.0,0.319,@McDonalds,"@twifan63 Great, Esther! We can't wait for you to try it!",97
97,0.9097,Tue Apr 17 19:00:23 +0000 2018,0.325,0.0,0.675,@McDonalds,@truvikin23 That‚Äôs cool! Sounds like you have great taste! :),98
98,0.6588,Tue Apr 17 18:47:59 +0000 2018,0.672,0.0,0.328,@McDonalds,"@MaryAllTimeLow_ That's great, Mary! We look forward to seeing you üòä",99
99,0.8268,Tue Apr 17 18:47:42 +0000 2018,0.674,0.0,0.326,@McDonalds,"@ChiefVertex We like to evolve our menu, so we change it up from time to time. Hope you find a new favorite!",100
100,0.0,Sun Apr 15 17:30:01 +0000 2018,1.0,0.0,0.0,@BurgerKing,that lineup tho üôè #BKFlowerCrown https://t.co/SnW22Iwcct,1
101,0.8313,Sun Apr 15 02:31:39 +0000 2018,0.625,0.0,0.375,@BurgerKing,"@jacksonwoodHQ we‚Äôre honored to have been in the presence of a fellow royal üëë happy belated, Elliot!",2
102,0.0,Sat Apr 14 17:56:09 +0000 2018,1.0,0.0,0.0,@BurgerKing,@Netflix_CA people who abbreviate,3
103,0.0,Sat Apr 14 17:52:19 +0000 2018,1.0,0.0,0.0,@BurgerKing,@Netflix_CA couch + flix + fries + #BKFlowerCrown = comfiest campsite ever. üëëüå∫üçüüçî,4
104,0.0,Sat Apr 14 15:37:27 +0000 2018,1.0,0.0,0.0,@BurgerKing,@RealGamerKent @oldyelIer @Jack_Septic_Eye when the right one swipes right,5
105,0.5859,Fri Apr 13 22:36:44 +0000 2018,0.441,0.0,0.559,@BurgerKing,"@MSP_Randomnesss oh wow, coincidence",6
106,0.0,Fri Apr 13 22:09:42 +0000 2018,1.0,0.0,0.0,@BurgerKing,@ShaynieLynnC @deanrcollins ‚Ä¶ your #BKFlowerCrown,7
107,0.6908,Fri Apr 13 20:03:34 +0000 2018,0.26,0.0,0.74,@BurgerKing,@ReneBarba89 thank you kindly,8
108,0.0,Fri Apr 13 20:00:49 +0000 2018,1.0,0.0,0.0,@BurgerKing,@Argentineanborn @oldyelIer @Jack_Septic_Eye üëÄ,9
109,-0.296,Fri Apr 13 19:59:18 +0000 2018,0.652,0.348,0.0,@BurgerKing,@ReneBarba89 no pressure but we‚Äôre waiting for you,10
110,0.5106,Fri Apr 13 19:57:43 +0000 2018,0.548,0.0,0.452,@BurgerKing,"@spencerbarrett luckily, they exist: https://t.co/ZOsTmn0aG2",11
111,0.3182,Fri Apr 13 17:59:30 +0000 2018,0.635,0.0,0.365,@BurgerKing,@oldyelIer @Jack_Septic_Eye we sure are,12
112,0.3612,Fri Apr 13 17:20:50 +0000 2018,0.615,0.0,0.385,@BurgerKing,fries &gt; festivals #BKFlowerCrown https://t.co/7ffrUcqFng,13
113,0.0,Tue Apr 10 15:34:11 +0000 2018,0.0,0.0,0.0,@BurgerKing,2,14
114,0.0,Sun Apr 08 21:12:34 +0000 2018,1.0,0.0,0.0,@BurgerKing,they searched for the booty until they found our buns. #FakePirateFacts,15
115,0.5423,Sun Apr 08 21:00:20 +0000 2018,0.571,0.0,0.429,@BurgerKing,@RedEduban we‚Äôll be sure to alert the staff,16
116,0.6124,Fri Apr 06 21:54:01 +0000 2018,0.556,0.083,0.361,@BurgerKing,"@ultems we don‚Äôt play favorites. 
we leave that game to parents.",17
117,-0.7241,Fri Apr 06 17:14:09 +0000 2018,0.397,0.603,0.0,@BurgerKing,@believegreta @becbecbobec @NayaRivera GUILTY AS CHARGED,18
118,0.0,Fri Apr 06 15:43:38 +0000 2018,1.0,0.0,0.0,@BurgerKing,@BubsEyes there‚Äôs always tomorrow,19
119,0.7906,Thu Apr 05 20:27:43 +0000 2018,0.364,0.0,0.636,@BurgerKing,@guccibyv @BTS_twt just sharing our love,20
120,0.7374,Thu Apr 05 18:15:26 +0000 2018,0.491,0.0,0.509,@BurgerKing,wonder why burgers taste sorta like euphoria ü§©ü§©ü§©,21
121,0.0,Thu Apr 05 17:53:20 +0000 2018,1.0,0.0,0.0,@BurgerKing,"@PrimeStonesy Burger King
Burger King
Burger King
Burger King
Burger King

obvi",22
122,0.4588,Thu Apr 05 13:12:02 +0000 2018,0.625,0.0,0.375,@BurgerKing,@Cryptic_Zombie welcome to a whole new world,23
123,0.34,Wed Apr 04 22:11:29 +0000 2018,0.769,0.0,0.231,@BurgerKing,@NayaRivera highlight of the day: Naya tweeting at us üòç,24
124,0.0,Wed Apr 04 22:09:34 +0000 2018,1.0,0.0,0.0,@BurgerKing,@brantdaugherty just wait till you hear our toast at the wedding üòè,25
125,0.7184,Wed Apr 04 15:26:40 +0000 2018,0.569,0.114,0.317,@BurgerKing,"@kimhidalgo @brantdaugherty he‚Äôs a beautiful man, but he‚Äôs your beautiful man, Kim. no beef, just #blessings - wish‚Ä¶ https://t.co/G0dFqsrZKj",26
126,0.0,Wed Apr 04 02:38:55 +0000 2018,1.0,0.0,0.0,@BurgerKing,@Diyus2 ‚úÖ can‚Äôt wait to see the photo evidence,27
127,0.8934,Wed Apr 04 02:34:35 +0000 2018,0.507,0.0,0.493,@BurgerKing,"@brantdaugherty @druidDUDE if pie could love, we‚Äôre sure it would love you back, Brant",28
128,-0.594,Wed Apr 04 02:00:28 +0000 2018,0.661,0.257,0.081,@BurgerKing,"@druidDUDE are we sorry we did it? no.
are we sorry to have hurt you? yes.

ps let us know if you wanna be the spok‚Ä¶ https://t.co/36UFGfS8n6",29
129,-0.6249,Tue Apr 03 18:03:50 +0000 2018,0.494,0.506,0.0,@BurgerKing,@boxedlox THAT‚ÄôS your worst quality‚Ä¶?,30
130,0.0,Tue Apr 03 16:07:32 +0000 2018,1.0,0.0,0.0,@BurgerKing,@publius420 @callakessler there‚Äôs nothing that nuggets can‚Äôt fix,31
131,0.0,Tue Apr 03 15:32:40 +0000 2018,1.0,0.0,0.0,@BurgerKing,@MullenLoweGroup @AParker63 @JaysonARipp @mullenloweus but aren't buns bread?,32
132,0.0,Tue Apr 03 15:25:16 +0000 2018,1.0,0.0,0.0,@BurgerKing,@jasonnash @trishapaytas @DavidDobrik @NickAntonyan a drive thru double dip deserves proper recognition #OneMoreRound,33
133,0.4939,Tue Apr 03 15:08:53 +0000 2018,0.686,0.0,0.314,@BurgerKing,@MullenLoweGroup @AParker63 @JaysonARipp @mullenloweus care to weigh in?,34
134,0.0,Tue Apr 03 15:05:07 +0000 2018,1.0,0.0,0.0,@BurgerKing,@ZeiglerZach gotcha,35
135,0.3182,Tue Apr 03 14:01:50 +0000 2018,0.566,0.0,0.434,@BurgerKing,"@adweak writing samples, please.",36
136,0.0,Tue Apr 03 14:00:17 +0000 2018,1.0,0.0,0.0,@BurgerKing,@doomdoomzz tuesday,37
137,0.4404,Mon Apr 02 22:05:08 +0000 2018,0.775,0.0,0.225,@BurgerKing,"@Odditiezzz @trishapaytas @DavidDobrik @jasonnash @NickAntonyan thanks for the intro. sup, @NickAntonyan?",38
138,0.7096,Mon Apr 02 18:42:20 +0000 2018,0.753,0.0,0.247,@BurgerKing,@trishapaytas @DavidDobrik @jasonnash @NickAntonyan the guy in back declaring his longtime love for BK (0:04) is our new spirit animal,39
139,0.4019,Mon Apr 02 18:36:46 +0000 2018,0.69,0.0,0.31,@BurgerKing,@DCeu_Fan @nieblatoxica @ixconner this might help: https://t.co/wWbuB74cek,40
140,0.5719,Sun Apr 01 19:05:39 +0000 2018,0.175,0.0,0.825,@BurgerKing,jk lol https://t.co/8GuNt3DD8h,41
141,0.0,Sat Mar 31 18:10:56 +0000 2018,1.0,0.0,0.0,@BurgerKing,@AuntieAnnes @marimar_toledo not opposed,42
142,0.0,Fri Mar 30 19:53:41 +0000 2018,1.0,0.0,0.0,@BurgerKing,@_MidnightPurple ... chocolate,43
143,0.0,Fri Mar 30 19:36:06 +0000 2018,1.0,0.0,0.0,@BurgerKing,@ozzylawd bc that‚Äôs a helicopter,44
144,-0.1877,Fri Mar 30 19:11:30 +0000 2018,0.775,0.225,0.0,@BurgerKing,"@Crooked_Crafter don't jokes begin with ""knock knock""?",45
145,0.0,Fri Mar 30 19:07:50 +0000 2018,1.0,0.0,0.0,@BurgerKing,@ModReds @MarkTapper @mills0686 @NicollJoshua RIP,46
146,0.6369,Fri Mar 30 18:58:16 +0000 2018,0.417,0.0,0.583,@BurgerKing,@lilcabmoney212 love that guy,47
147,0.296,Fri Mar 30 18:53:24 +0000 2018,0.312,0.0,0.688,@BurgerKing,@ChrisPatrick64 yeah,48
148,0.0,Fri Mar 30 18:48:40 +0000 2018,1.0,0.0,0.0,@BurgerKing,@JColesby we‚Äôre riding a sugar high,49
149,0.0,Fri Mar 30 18:46:58 +0000 2018,1.0,0.0,0.0,@BurgerKing,@NirvanaMonk116 all chocolate melts...,50
150,0.0,Fri Mar 30 18:45:04 +0000 2018,1.0,0.0,0.0,@BurgerKing,"@PepeTheSlayer all you need to do to have a beach body is have a body, and go to the beach.",51
151,0.4404,Fri Mar 30 18:44:19 +0000 2018,0.633,0.0,0.367,@BurgerKing,@NadaSpecial_ thanks for letting us know,52
152,0.0,Fri Mar 30 18:39:54 +0000 2018,1.0,0.0,0.0,@BurgerKing,the NEW chocolate Whopper. coming soon to your local Burger King. maybe. https://t.co/9N1snyYhRX,53
153,0.0,Fri Mar 30 18:07:19 +0000 2018,1.0,0.0,0.0,@BurgerKing,@ynngtrece anytime fam,54
154,-0.5267,Fri Mar 30 18:06:17 +0000 2018,0.469,0.531,0.0,@BurgerKing,@Bflores777 @Gracemaylie2 @DUDEwipes wth,55
155,0.5859,Fri Mar 30 17:28:54 +0000 2018,0.652,0.0,0.348,@BurgerKing,@bowentibbetts @PardonMyTake @BarstoolBigCat @PFTCommenter @hen_ease well it‚Äôs definitely not a krabby patty,56
156,0.0,Fri Mar 30 17:27:13 +0000 2018,1.0,0.0,0.0,@BurgerKing,"@atoj247 @stoolpresidente @barstoolsports why don't you sleep on it, decide in the morning",57
157,0.3182,Fri Mar 30 17:03:38 +0000 2018,0.796,0.0,0.204,@BurgerKing,@atoj247 @stoolpresidente @barstoolsports you don‚Äôt sound 100% sure about that,58
158,0.3612,Fri Mar 30 11:51:05 +0000 2018,0.737,0.0,0.263,@BurgerKing,@pdt7796 that sounds like the name of a town,59
159,0.0,Fri Mar 30 00:35:57 +0000 2018,1.0,0.0,0.0,@BurgerKing,@ohmichele24 so do people though,60
160,0.0,Fri Mar 30 00:09:23 +0000 2018,1.0,0.0,0.0,@BurgerKing,"@AlecBelmore @nfbrennan what are ""facts"" anyway",61
161,0.0,Fri Mar 30 00:06:15 +0000 2018,1.0,0.0,0.0,@BurgerKing,"@nfbrennan @AlecBelmore both of you, and neither of you",62
162,0.0,Thu Mar 29 23:59:09 +0000 2018,1.0,0.0,0.0,@BurgerKing,@cassiebamf @audreytrujillo_ ooooo,63
163,0.0,Thu Mar 29 20:47:25 +0000 2018,1.0,0.0,0.0,@BurgerKing,@nuclearRevan @oxiwun so roast beef is a burger?,64
164,-0.3291,Thu Mar 29 20:03:21 +0000 2018,0.538,0.289,0.174,@BurgerKing,@dromezzzz possibly. but we've heard convincing arguments for #TeamSandwich today as well... confusing af,65
165,0.0,Thu Mar 29 19:56:44 +0000 2018,1.0,0.0,0.0,@BurgerKing,@dromezzzz what makes your opinion most valid?,66
166,0.0,Thu Mar 29 19:40:56 +0000 2018,1.0,0.0,0.0,@BurgerKing,@_michigan_girl_ @KYLightning but aren't buns bread?,67
167,0.0,Thu Mar 29 19:37:10 +0000 2018,1.0,0.0,0.0,@BurgerKing,@KYLightning @_michigan_girl_ same,68
168,0.0,Thu Mar 29 19:28:46 +0000 2018,1.0,0.0,0.0,@BurgerKing,@KYLightning @_michigan_girl_ sometimes,69
169,0.7269,Thu Mar 29 19:26:13 +0000 2018,0.247,0.0,0.753,@BurgerKing,"@_michigan_girl_ @KYLightning confidence, nice.",70
170,0.0,Thu Mar 29 19:00:49 +0000 2018,1.0,0.0,0.0,@BurgerKing,@foururockey you can buy one,71
171,0.34,Thu Mar 29 18:56:50 +0000 2018,0.294,0.0,0.706,@BurgerKing,@Edlose1 gladly,72
172,0.3182,Thu Mar 29 18:51:50 +0000 2018,0.465,0.0,0.535,@BurgerKing,@bam_itschelsey for sure,73
173,0.0,Thu Mar 29 18:47:06 +0000 2018,1.0,0.0,0.0,@BurgerKing,@MTFIII would you bet your life on it?,74
174,0.0,Thu Mar 29 18:44:51 +0000 2018,1.0,0.0,0.0,@BurgerKing,@DUDEwipes that's the circle of life.,75
175,0.0,Thu Mar 29 18:43:27 +0000 2018,1.0,0.0,0.0,@BurgerKing,@11ShawnRyan11 @CheshyrP wet blanket.,76
176,0.0,Thu Mar 29 18:22:29 +0000 2018,1.0,0.0,0.0,@BurgerKing,"@CrescentMoon50 wasn‚Äôt one of the options, but we‚Äôll take it",77
177,0.0,Thu Mar 29 18:19:09 +0000 2018,1.0,0.0,0.0,@BurgerKing,"@ShawnSTOM777 we have sandwiches on the menu tho, so..",78
178,0.0,Thu Mar 29 17:46:24 +0000 2018,1.0,0.0,0.0,@BurgerKing,@chaoswolf1982 were you on the debate team or something,79
179,0.0,Thu Mar 29 17:41:48 +0000 2018,1.0,0.0,0.0,@BurgerKing,@DSzymborski @TuftsB IF YOU SAY SO,80
180,-0.5994,Thu Mar 29 17:39:35 +0000 2018,0.672,0.328,0.0,@BurgerKing,@Professorbroman even life is a sandwich between birth and death,81
181,0.5719,Thu Mar 29 15:57:43 +0000 2018,0.802,0.0,0.198,@BurgerKing,We know the new Sourdough KING is delicious. But is it a burger or a sandwich? #TeamBurger #TeamSandwich,82
182,0.4767,Thu Mar 29 15:26:30 +0000 2018,0.492,0.0,0.508,@BurgerKing,@Silas_0_ respect the logic,83
183,0.0,Thu Mar 29 15:18:17 +0000 2018,1.0,0.0,0.0,@BurgerKing,@FelgerNaked why,84
184,0.0,Thu Mar 29 15:14:21 +0000 2018,1.0,0.0,0.0,@BurgerKing,@LevelUpLockhart üòé,85
185,0.0,Thu Mar 29 15:12:47 +0000 2018,1.0,0.0,0.0,@BurgerKing,@DreScruggs could be,86
186,0.0,Thu Mar 29 15:04:46 +0000 2018,1.0,0.0,0.0,@BurgerKing,@LevelUpLockhart what‚Äôs your point,87
187,0.3804,Thu Mar 29 15:03:16 +0000 2018,0.698,0.0,0.302,@BurgerKing,@TheSMUSpaz you sound very sure about that,88
188,0.0,Thu Mar 29 15:00:43 +0000 2018,1.0,0.0,0.0,@BurgerKing,@MeghanPsd anytime between operational business hours,89
189,0.6249,Thu Mar 29 14:57:01 +0000 2018,0.282,0.0,0.718,@BurgerKing,"@KUSisLoose yeah, you better",90
190,0.0,Thu Mar 29 14:56:04 +0000 2018,1.0,0.0,0.0,@BurgerKing,@StaggersonJagz you don‚Äôt make the rules,91
191,0.3612,Thu Mar 29 14:53:00 +0000 2018,0.286,0.0,0.714,@BurgerKing,@colts72 kk,92
192,0.8415,Thu Mar 29 14:51:50 +0000 2018,0.272,0.0,0.728,@BurgerKing,@MeghanPsd let's be BEST friends,93
193,0.0,Thu Mar 29 14:49:32 +0000 2018,1.0,0.0,0.0,@BurgerKing,@murderoflife today might be the day to break,94
194,-0.296,Thu Mar 29 14:48:26 +0000 2018,0.645,0.355,0.0,@BurgerKing,"@MeghanPsd all fax, no printer",95
195,0.1967,Thu Mar 29 14:47:19 +0000 2018,0.798,0.0,0.202,@BurgerKing,"@JDickmon you‚Äôre not wrong, but are you right?",96
196,0.3612,Thu Mar 29 14:46:18 +0000 2018,0.667,0.0,0.333,@BurgerKing,@MeghanPsd this sounds like a personal opinion,97
197,0.0,Thu Mar 29 13:12:01 +0000 2018,1.0,0.0,0.0,@BurgerKing,@siankayoung #sorrynotsorry,98
198,0.4019,Thu Mar 29 13:11:10 +0000 2018,0.649,0.0,0.351,@BurgerKing,@NightSyndicate then you‚Äôre in for a treat,99
199,0.0,Thu Mar 29 13:00:11 +0000 2018,1.0,0.0,0.0,@BurgerKing,"Is the new Sourdough King a burger or a sandwich? We asked our guests what they thought, and things got heated. Whi‚Ä¶ https://t.co/cdZURR5f7e",100
200,0.0,Mon Jun 13 20:41:34 +0000 2011,1.0,0.0,0.0,@innoutburger,"The official @InNOutBurger website is at http://www.In-N-Out.com You can get menu, location, hiring info and more on the site.",1
201,0.0,Sat Jun 11 03:06:36 +0000 2011,1.0,0.0,0.0,@innoutburger,The official @InNOutBurger Facebook page is located at http://www.facebook.com/innout,2
202,0.0,Sat Mar 05 03:30:02 +0000 2011,1.0,0.0,0.0,@innoutburger,"To speak to an experienced In-N-Out¬Æ service rep, call toll-free 1-800-786-1000  Sun-Thu 8am-1am PT Fri-Sat 8a-1:30a PT",3
203,-0.4215,Wed Apr 18 02:18:00 +0000 2018,0.797,0.203,0.0,@CarlsJr,"Made-up Twitter days
and lame social marketing
...kinda the same thing

#NationalHaikuDay",1
204,0.2728,Wed Apr 18 01:08:00 +0000 2018,0.552,0.186,0.262,@CarlsJr,@NinjaHarrisonYT wow that's the least fun fact in the world,2
205,0.4215,Tue Apr 17 19:49:21 +0000 2018,0.641,0.0,0.359,@CarlsJr,@memothegreatest that would be nice actually,3
206,-0.0772,Tue Apr 17 18:30:00 +0000 2018,0.847,0.083,0.07,@CarlsJr,Sure taxes suck but have you ever had to tweet every day about western bacon cheeseburgers when you don't even live‚Ä¶ https://t.co/fd7Mo7K4n6,4
207,-0.0772,Tue Apr 17 15:36:42 +0000 2018,0.874,0.126,0.0,@CarlsJr,"@LaDona_ @Hardees I'm sorry, the offer was just at Hardee's",5
208,-0.34,Tue Apr 17 14:45:46 +0000 2018,0.714,0.286,0.0,@CarlsJr,@taximom00 @Hardees Unfortunately it's just for Hardee's,6
209,0.5106,Tue Apr 17 00:59:00 +0000 2018,0.82,0.0,0.18,@CarlsJr,"Between us and Kendrick Lamar we have twelve Grammys, a Pulitzer Prize, and a whole bunch of cheeseburgers",7
210,-0.1007,Mon Apr 16 21:09:24 +0000 2018,0.634,0.19,0.176,@CarlsJr,@ValClumsy Oh no! :( Please call Guest Services at 877-799-7827 and they will be able to document your issue and help you.,8
211,0.1428,Mon Apr 16 21:09:12 +0000 2018,0.808,0.083,0.109,@CarlsJr,"@aubreysaunt09 I am so sorry about that, Danielle. Please call Guest Services at 877-799-7827 and they will be able‚Ä¶ https://t.co/mbYmEu32kw",9
212,0.566,Mon Apr 16 21:07:56 +0000 2018,0.648,0.075,0.277,@CarlsJr,@EliteLionATH I am so sorry you received tenders like that. Please call Guest Services at 877-799-7827 and they wil‚Ä¶ https://t.co/hISADxXxVH,10
213,-0.5216,Mon Apr 16 21:07:18 +0000 2018,0.813,0.187,0.0,@CarlsJr,@GoldenHairPunk Uh oh that doesn't look good. Please call Guest Services at 877-799-7827 and they will be able to d‚Ä¶ https://t.co/Ccb6iOY3xn,11
214,-0.4019,Mon Apr 16 20:21:22 +0000 2018,0.673,0.224,0.103,@CarlsJr,@dorybear923 @Wendys I'm sorry you had a negative experience. Please call Guest Services at 877-799-7827 and they w‚Ä¶ https://t.co/K14WY2kfTS,12
215,0.1428,Mon Apr 16 20:21:06 +0000 2018,0.817,0.079,0.104,@CarlsJr,@suzannenorman I'm so sorry there was an issue with your burger. Please call Guest Services at 877-799-7827 and the‚Ä¶ https://t.co/pactmyjeEO,13
216,0.25,Mon Apr 16 20:20:43 +0000 2018,0.833,0.06,0.106,@CarlsJr,@sverah831 I'm sorry you received that. Please call Guest Services at 877-799-7827 and they will be able to documen‚Ä¶ https://t.co/WgR39WWg4D,14
217,-0.2411,Mon Apr 16 20:18:48 +0000 2018,0.906,0.094,0.0,@CarlsJr,@INSURGENCYmusic That does not look right. Please call Guest Services at 877-799-7827 and they will be able to docu‚Ä¶ https://t.co/QPJuEs90Me,15
218,0.1428,Mon Apr 16 20:16:54 +0000 2018,0.808,0.083,0.109,@CarlsJr,@Sincerelyiliana I am so sorry you experienced that and weren't able to get your spicy chicken sandwich. Please cal‚Ä¶ https://t.co/IveLi1Spng,16
219,0.4753,Mon Apr 16 20:15:05 +0000 2018,0.706,0.086,0.208,@CarlsJr,@pattya98 Oh no! Please call Guest Services at 877-799-7827 and they will be able to document your issue and help you.,17
220,0.34,Mon Apr 16 18:28:18 +0000 2018,0.861,0.0,0.139,@CarlsJr,Alright sir the description you gave us was helpful but we're still gonna need you to pick the culprit out of this‚Ä¶ https://t.co/Wlc4kIzse6,18
221,0.0,Mon Apr 16 16:15:41 +0000 2018,1.0,0.0,0.0,@CarlsJr,@erichochstein that'd be cold,19
222,0.7135,Mon Apr 16 15:41:04 +0000 2018,0.802,0.0,0.198,@CarlsJr,We don't have any locations in Boston but YOU'RE ALMOST THERE RUN LIKE THERE'S A WESTERN BACON CHEESEBURGER AT THE FINISH LINE,20
223,0.0,Mon Apr 16 01:56:54 +0000 2018,1.0,0.0,0.0,@CarlsJr,Carlchella 2018 - it's sort of just a guy yelling on a stage but it's catered so you get a cheeseburger,21
224,0.0,Fri Apr 13 20:44:34 +0000 2018,1.0,0.0,0.0,@CarlsJr,Nothing scarier than an unanswered call from your cravings. Pick up a Western Bacon Cheeseburger this #FridayThe13th https://t.co/Ygz0dj7NXz,22
225,0.0,Fri Apr 13 15:51:56 +0000 2018,1.0,0.0,0.0,@CarlsJr,@petershankman Aw cmon that's an exaggeration it'll take eight MAX,23
226,0.0,Fri Apr 13 03:56:47 +0000 2018,1.0,0.0,0.0,@CarlsJr,@yesimfatikno @MoviePass hey don't call them that,24
227,0.0,Fri Apr 13 03:32:58 +0000 2018,1.0,0.0,0.0,@CarlsJr,@yesimfatikno @MoviePass hi @MoviePass,25
228,0.0,Fri Apr 13 03:13:49 +0000 2018,1.0,0.0,0.0,@CarlsJr,"@yesimfatikno not opposed

they on twitter?",26
229,0.7553,Fri Apr 13 03:05:15 +0000 2018,0.725,0.0,0.275,@CarlsJr,"@gomez00023 josie is always right

andrew thanks for dining with us we are so psyched you enjoyed your box",27
230,0.0,Fri Apr 13 02:47:17 +0000 2018,1.0,0.0,0.0,@CarlsJr,"@joslaayyyy josie

we literally just did that with someone else and just haven't posted it yet

but the fact your m‚Ä¶ https://t.co/L7voWAd7PJ",28
231,0.3595,Fri Apr 13 02:45:22 +0000 2018,0.693,0.121,0.186,@CarlsJr,@joslaayyyy story of my life but hey we got you covered! glad you're back josie we missed you,29
232,0.2815,Fri Apr 13 02:40:54 +0000 2018,0.707,0.105,0.189,@CarlsJr,"@joslaayyyy we're a team now josie so i'm gonna shoot you straight i think we can do better than that 

what's some‚Ä¶ https://t.co/ZfcmTHe1aK",30
233,0.4404,Fri Apr 13 02:38:10 +0000 2018,0.847,0.0,0.153,@CarlsJr,@joslaayyyy the prodigal daughter returns is there any way we can improve your Carl's Jr. experience today?,31
234,0.8779,Fri Apr 13 02:34:38 +0000 2018,0.265,0.0,0.735,@CarlsJr,"haha what a crybaby

jk welcome back friend https://t.co/Sqk28npq5M",32
235,0.0,Fri Apr 13 02:32:55 +0000 2018,1.0,0.0,0.0,@CarlsJr,@Radda_Shnitzel WE JUST GOT MORE CMON DOWN,33
236,0.0,Fri Apr 13 02:31:36 +0000 2018,1.0,0.0,0.0,@CarlsJr,@Radda_Shnitzel EAT MORE,34
237,-0.4466,Fri Apr 13 02:28:21 +0000 2018,0.506,0.494,0.0,@CarlsJr,@Radda_Shnitzel NEVER STOP EATING,35
238,0.6486,Fri Apr 13 02:27:06 +0000 2018,0.378,0.168,0.454,@CarlsJr,Ok well working out feels terrible and eating feels great https://t.co/IFlLnJJPRn,36
239,-0.4466,Fri Apr 13 02:25:12 +0000 2018,0.506,0.494,0.0,@CarlsJr,@Radda_Shnitzel NEVER STOP EATING,37
240,0.0,Thu Apr 12 19:51:51 +0000 2018,1.0,0.0,0.0,@CarlsJr,"@UnGat0Mas Te amo, Jeison!",38
241,-0.2732,Thu Apr 12 17:55:58 +0000 2018,0.717,0.186,0.097,@CarlsJr,@WWUPhil I'm sorry you've had long wait times and poor service. Please call Guest Services at 877-799-7827 and they‚Ä¶ https://t.co/JHPTljC8ZN,39
242,-0.0516,Thu Apr 12 15:58:11 +0000 2018,0.734,0.161,0.106,@CarlsJr,@osballack Sorry you're missing that Buffalo sauce. Please call Guest Services at 877-799-7827 and they will be abl‚Ä¶ https://t.co/xCVGJQEWWQ,40
243,0.2113,Thu Apr 12 15:39:23 +0000 2018,0.806,0.078,0.116,@CarlsJr,"@kengrippyjr_ Hey Jerome, I am so sorry. Please call Guest Services at 877-799-7827 and they will be able to docume‚Ä¶ https://t.co/UwyrHLC30Y",41
244,0.0,Thu Apr 12 15:38:27 +0000 2018,1.0,0.0,0.0,@CarlsJr,@thesithprincess may the fries be with you,42
245,0.2145,Thu Apr 12 15:37:59 +0000 2018,0.806,0.078,0.116,@CarlsJr,@JAMESFRANKHOE I'm so sorry you had that experience! Please call Guest Services at 877-799-7827 and they will be ab‚Ä¶ https://t.co/THcgMMDpGp,43
246,0.2498,Thu Apr 12 15:37:15 +0000 2018,0.819,0.069,0.112,@CarlsJr,"@IAmMiMiG So sorry about your cold food, Mimi! Please call Guest Services at 877-799-7827 and they will be able to‚Ä¶ https://t.co/mKtbd206kQ",44
247,-0.4404,Wed Apr 11 20:22:41 +0000 2018,0.638,0.264,0.098,@CarlsJr,@mgorena I'm sorry about that disappointing shake. Please call Guest Services at 877-799-7827 and they will be able‚Ä¶ https://t.co/Z10kShdCjs,45
248,0.4753,Wed Apr 11 20:21:51 +0000 2018,0.706,0.086,0.208,@CarlsJr,@aklingus Oh no! Please call Guest Services at 877-799-7827 and they will be able to document your issue and help you.,46
249,-0.25,Wed Apr 11 18:41:29 +0000 2018,0.769,0.135,0.096,@CarlsJr,"Bad things to say to the cashier when you receive your order:

1Ô∏è‚É£ Thank you Burger Prince/Princess
2Ô∏è‚É£ Look out tu‚Ä¶ https://t.co/eLO9KnUCmQ",47
250,0.2145,Wed Apr 11 15:52:38 +0000 2018,0.806,0.078,0.116,@CarlsJr,@stoneybrittain I'm so sorry you didn't get your fries! Please call Guest Services at 877-799-7827 and they will be‚Ä¶ https://t.co/4yUhNxSs1W,48
251,0.5859,Wed Apr 11 15:06:00 +0000 2018,0.568,0.0,0.432,@CarlsJr,@chrisgaarder oh wow where is that,49
252,0.0,Wed Apr 11 01:50:48 +0000 2018,1.0,0.0,0.0,@CarlsJr,@ReganLikesMemes get that a lot,50
253,0.7184,Wed Apr 11 01:44:51 +0000 2018,0.562,0.0,0.438,@CarlsJr,Yeah TNT bc it‚Äôs the ‚Äúbomb‚Äù hahahahahhahhhahah please like this tweet https://t.co/DvilURdTbr,51
254,0.3612,Tue Apr 10 21:30:50 +0000 2018,0.815,0.0,0.185,@CarlsJr,"@LandonCLedford @Whataburger How about some tickets to see Ready Player One?
https://t.co/v2r9kMWMCS",52
255,0.25,Tue Apr 10 21:26:22 +0000 2018,0.825,0.063,0.112,@CarlsJr,@stoneybrittain I'm sorry you didn't receive your fries. Please call Guest Services at 877-799-7827 and they will b‚Ä¶ https://t.co/BlRcrjw1PY,53
256,0.5023,Tue Apr 10 19:26:16 +0000 2018,0.876,0.0,0.124,@CarlsJr,"@thomaskadri We weren't able to do that, but we do have some tickets to Ready Player One if you haven't seen it yet‚Ä¶ https://t.co/Q81SyGwStL",54
257,0.2732,Tue Apr 10 18:41:33 +0000 2018,0.861,0.0,0.139,@CarlsJr,All these Spongebob memes we might as well open a Carl‚Äôs Jr. in Bikini Bottom,55
258,0.25,Tue Apr 10 18:35:26 +0000 2018,0.833,0.06,0.106,@CarlsJr,"@JohnEvansinCA Hey John, sorry about that. Please call Guest Services at 877-799-7827 and they will be able to docu‚Ä¶ https://t.co/YjwnbHZWMA",56
259,0.25,Tue Apr 10 17:15:28 +0000 2018,0.825,0.063,0.112,@CarlsJr,@Kayceekakexo I'm sorry your order was incorrect. Please call Guest Services at 877-799-7827 and they will be able‚Ä¶ https://t.co/yXGWEOzwXx,57
260,-0.2944,Tue Apr 10 14:50:19 +0000 2018,0.688,0.206,0.106,@CarlsJr,"@buphboi That sounds very frustrating Desmond, I'm sorry. Please call Guest Services at 877-799-7827 and they will‚Ä¶ https://t.co/yScdERnUMt",58
261,0.5038,Tue Apr 10 14:49:54 +0000 2018,0.765,0.061,0.174,@CarlsJr,"@Tbo04 I'm so sorry about that, Tyler. Please call Guest Services at 877-799-7827 and they will be able to document your issue and help you.",59
262,-0.2732,Mon Apr 09 18:18:51 +0000 2018,0.691,0.203,0.106,@CarlsJr,@Vintageclash I am sorry you were disappointed with your meal. Please call Guest Services at 877-799-7827 and they‚Ä¶ https://t.co/TkxoReR9wU,60
263,-0.2023,Mon Apr 09 16:30:42 +0000 2018,0.714,0.183,0.103,@CarlsJr,@steveondrugs I'm sorry you were unhappy with your order. Please call Guest Services at 877-799-7827 and they will‚Ä¶ https://t.co/RDf7qDEigf,61
264,0.3164,Mon Apr 09 16:27:22 +0000 2018,0.83,0.057,0.113,@CarlsJr,@Sabotawj I'm sorry about your long wait! Please call Guest Services at 877-799-7827 and they will be able to docum‚Ä¶ https://t.co/f7nFtuOYP9,62
265,0.3164,Mon Apr 09 16:27:01 +0000 2018,0.822,0.059,0.118,@CarlsJr,@meximama03 I'm sorry there was an issue with your burger! Please call Guest Services at 877-799-7827 and they will‚Ä¶ https://t.co/hH19vavMQt,63
266,-0.1043,Mon Apr 09 16:25:52 +0000 2018,0.739,0.161,0.1,@CarlsJr,"@DJWhoDaHell That doesn't look good at all, I'm sorry. Please call Guest Services at 877-799-7827 and they will be‚Ä¶ https://t.co/O6nP52BEZV",64
267,0.0,Mon Apr 09 15:47:00 +0000 2018,1.0,0.0,0.0,@CarlsJr,"@CreativeTweets how many cheeseburgers can you buy with $10,000 though",65
268,0.7269,Mon Apr 09 15:41:37 +0000 2018,0.496,0.0,0.504,@CarlsJr,"@CreativeTweets 10,000 bucks is a pretty good deal Tom",66
269,0.0772,Mon Apr 09 15:39:53 +0000 2018,0.81,0.089,0.101,@CarlsJr,"Every year we give away six $10,000 scholarships and frankly no one has applied this year and there's like a week l‚Ä¶ https://t.co/P5rRMExsfn",67
270,0.0,Sat Apr 07 02:59:24 +0000 2018,1.0,0.0,0.0,@CarlsJr,@GetOffMyLawnPod Hey. He has a name,68
271,0.0,Sat Apr 07 02:45:00 +0000 2018,1.0,0.0,0.0,@CarlsJr,"‚òÜ‚à¥ÔΩ°*
„ÄÄÔΩ•Ôæü*ÔΩ°‚òÖÔΩ•
„ÄÄ   ÔΩ• *ÔæüÔΩ° *
„ÄÄ          ÔΩ• Ôæü*ÔΩ°ÔΩ•Ôæü‚òÖÔΩ°
„ÄÄ„ÄÄ„ÄÄ     ‚òÜÔæüÔΩ•ÔΩ°¬∞*. Ôæü
                         *ÔæüÔΩ°¬∑*ÔΩ•ÔΩ° Ôæü*
„ÄÄ„ÄÄ„ÄÄ           Ôæü‚Ä¶ https://t.co/RQTTlLUXtl",69
272,0.1428,Fri Apr 06 18:20:13 +0000 2018,0.817,0.079,0.104,@CarlsJr,@Lolottaluv2304 I am so sorry you had an issue with your order. Please call Guest Services at 877-799-7827 and they‚Ä¶ https://t.co/Z7Kfr3Uk6O,70
273,0.4559,Fri Apr 06 18:14:39 +0000 2018,0.843,0.0,0.157,@CarlsJr,@murbano66 @ash345678910 @curiousmunky @readyplayerone @AmblinEnt @erniecline The proceeds are going to the Stand Up and Play Foundation!!,71
274,0.0,Fri Apr 06 16:20:32 +0000 2018,1.0,0.0,0.0,@CarlsJr,@doughboyspod @nickwiger @alana_johnston @BDayBoysMitch wait we wanna do this,72
275,0.5574,Fri Apr 06 16:17:27 +0000 2018,0.854,0.0,0.146,@CarlsJr,Mike Finney was a hero at the YouTube shooting so someone set up a GoFundMe for his tuition. The goal was $10k but‚Ä¶ https://t.co/d4SMVeHbj0,73
276,0.5362,Thu Apr 05 20:37:19 +0000 2018,0.614,0.134,0.252,@CarlsJr,"@quepaso_daniel we're not going to be able to use the name so you're ok, don't worry. want a free ticket to Ready P‚Ä¶ https://t.co/peX11ksvMq",74
277,0.126,Thu Apr 05 20:34:35 +0000 2018,0.637,0.172,0.191,@CarlsJr,"@negabert Oh no, looks like someone messed up! Please call Guest Services at 877-799-7827 and they will be able to‚Ä¶ https://t.co/R7WaB4JWWO",75
278,0.6249,Thu Apr 05 17:31:37 +0000 2018,0.728,0.0,0.272,@CarlsJr,@1580TheFanatic so the WBC song contest is awesome. Can y‚Äôall DM us?,76
279,0.7835,Thu Apr 05 16:58:08 +0000 2018,0.533,0.0,0.467,@CarlsJr,"@StationarySteel @readyplayerone @RottenTomatoes They definitely would! Want a free ticket? DM us!
https://t.co/v2r9kMWMCS",77
280,0.5972,Thu Apr 05 16:43:03 +0000 2018,0.794,0.0,0.206,@CarlsJr,"@jaaaaaanettt @readyplayerone @RottenTomatoes We've got a free ticket with your name on it, Janet! DM us!
https://t.co/v2r9kMWMCS",78
281,0.0,Thu Apr 05 16:10:31 +0000 2018,1.0,0.0,0.0,@CarlsJr,@steak_umm &lt;3 u 2 not the band,79
282,0.6476,Thu Apr 05 16:08:54 +0000 2018,0.751,0.0,0.249,@CarlsJr,@peterchungmusic reward him we shall! Got something in the works as we speak but it's a surprise for Mike,80
283,0.2732,Thu Apr 05 16:07:38 +0000 2018,0.861,0.0,0.139,@CarlsJr,@MichaelGalvis we 100% are. Big surprise though so keep it under wraps for now,81
284,0.4404,Thu Apr 05 16:07:02 +0000 2018,0.674,0.0,0.326,@CarlsJr,@motherperle oh you better believe we are...,82
285,0.2732,Thu Apr 05 16:06:44 +0000 2018,0.861,0.0,0.139,@CarlsJr,@kristoncapps we're working on something as we speak. Don't tell Mike though it's a surprise,83
286,0.4404,Thu Apr 05 16:06:05 +0000 2018,0.791,0.0,0.209,@CarlsJr,@G1bsonG1rl @wfaa we've got something even better planned for him stay tuned,84
287,0.3919,Thu Apr 05 16:05:30 +0000 2018,0.841,0.0,0.159,@CarlsJr,@MKRIZSA50 Absolutely we're actually planning something right now but we wanna surprise him so shhh,85
288,0.7184,Thu Apr 05 16:04:48 +0000 2018,0.75,0.0,0.25,@CarlsJr,@Ahtram173 Proud is a massive understatement. Mike's one of the good ones and we're gonna do everything in our powe‚Ä¶ https://t.co/OPyWm0lk6y,86
289,0.4717,Thu Apr 05 16:02:34 +0000 2018,0.684,0.1,0.216,@CarlsJr,@ksander040 we're actually working on a big surprise for him as we speak. Kid's a hero and we literally could not be prouder,87
290,0.8271,Thu Apr 05 16:00:23 +0000 2018,0.58,0.0,0.42,@CarlsJr,@Veruktaffe oh you better believe Mike's gettin a reward. It's a surprise though so don't tell anybody,88
291,0.6205,Thu Apr 05 15:59:35 +0000 2018,0.672,0.083,0.244,@CarlsJr,@cboynation couldn't agree more we are SO freakin proud of him and have a big surprise for him in the works,89
292,0.2862,Thu Apr 05 15:57:55 +0000 2018,0.707,0.102,0.191,@CarlsJr,@ElishaKrauss we've got something even better planned for him but it's a surprise so don't tell him please or anyone really,90
293,-0.3875,Thu Apr 05 15:57:03 +0000 2018,0.727,0.273,0.0,@CarlsJr,@VikesTwinswin we literally couldn't be prouder of him,91
294,0.25,Wed Apr 04 16:51:35 +0000 2018,0.833,0.06,0.106,@CarlsJr,@geoManhattan I'm sorry you had that experience. Please call Guest Services at 877-799-7827 and they will be able t‚Ä¶ https://t.co/WlFHQL83m7,92
295,-0.2263,Wed Apr 04 16:50:23 +0000 2018,0.698,0.195,0.107,@CarlsJr,"@ccawolfie That sounds frustrating, I'm sorry that happened. Please call Guest Services at 877-799-7827 and they wi‚Ä¶ https://t.co/gqek601vzO",93
296,-0.1531,Tue Apr 03 19:55:48 +0000 2018,0.714,0.158,0.128,@CarlsJr,@handmadehightec if you turn the music up it's like you can't even hear whatever is wrong,94
297,0.6369,Tue Apr 03 18:40:01 +0000 2018,0.724,0.0,0.276,@CarlsJr,"if you                              then you don‚Äôt 
don‚Äôt love                       deserve 
me at my‚Ä¶ https://t.co/oKd8BAQO8l",95
298,0.257,Tue Apr 03 18:29:10 +0000 2018,0.809,0.076,0.115,@CarlsJr,@cultimpact That doesn't sound right! Please call Guest Services at 877-799-7827 and they will be able to document your issue and help you.,96
299,0.1428,Tue Apr 03 18:19:04 +0000 2018,0.808,0.083,0.109,@CarlsJr,"@jtwestbrook23 Hey James, I'm so sorry about your sliders. Please call Guest Services at 877-799-7827 and they will‚Ä¶ https://t.co/rtFOBl4csi",97
300,0.3727,Tue Apr 03 18:16:30 +0000 2018,0.804,0.061,0.135,@CarlsJr,"@GoldenCOLBear Hey Colby, I am sorry there were so many issues! Please call Guest Services at 877-799-7827 and they‚Ä¶ https://t.co/G7PWTzv0GI",98
301,-0.128,Tue Apr 03 17:52:20 +0000 2018,0.628,0.197,0.175,@CarlsJr,@Trailblazers80 I'm sorry if you were disappointed with your chicken tenders. Please call Guest Services at 877-799‚Ä¶ https://t.co/LhYI5pyH0v,99
302,0.2732,Tue Apr 03 17:50:45 +0000 2018,0.861,0.0,0.139,@CarlsJr,"@stevenclough well, one spielburger for the person who bids highest on the eBay auction",100
